Workbook

Sheet 요약
A1: 메가박스 단독개봉 벤치마크
A2: KOBIS 체인영화관별 상영현황 실측 · 2023-01-02 ~ 2026-08-26 수집
A3: 모수 147편 (신작 99 / 재개봉·구작 48) — 메가 최대주간 50관 이상
A5: 세그먼트별 최종 누적관객 (신작)
A6: 세그먼트 | B6: 편수 | C6: 최대 | D6: p75 | E6: 중앙값 | F6: p25 | G6: 배수 중앙값
A7: 애니메이션 | B7: =COUNT('신작'!G68:G101) | C7: =MAX('신작'!G68:G101) | D7: =QUARTILE('신작'!G68:G101,3) | E7: =MEDIAN('신작'!G68:G101) | F7: =QUARTILE('신작'!G68:G101,1) | G7: =MEDIAN('신작'!K68:K101)
A8: 공연·실황 | B8: =COUNT('신작'!G3:G12) | C8: =MAX('신작'!G3:G12) | D8: =QUARTILE('신작'!G3:G12,3) | E8: =MEDIAN('신작'!G3:G12) | F8: =QUARTILE('신작'!G3:G12,1) | G8: =MEDIAN('신작'!K3:K12)
A9: 실사 외화 | B9: =COUNT('신작'!G13:G57) | C9: =MAX('신작'!G13:G57) | D9: =QUARTILE('신작'!G13:G57,3) | E9: =MEDIAN('신작'!G13:G57) | F9: =QUARTILE('신작'!G13:G57,1) | G9: =MEDIAN('신작'!K13:K57)
A10: 실사 한국 | B10: =COUNT('신작'!G58:G67) | C10: =MAX('신작'!G58:G67) | D10: =QUARTILE('신작'!G58:G67,3) | E10: =MEDIAN('신작'!G58:G67) | F10: =QUARTILE('신작'!G58:G67,1) | G10: =MEDIAN('신작'!K58:K67)
A11: 신작 전체 | B11: =COUNT('신작'!G3:G101) | C11: =MAX('신작'!G3:G101) | D11: =QUARTILE('신작'!G3:G101,3) | E11: =MEDIAN('신작'!G3:G101) | F11: =QUARTILE('신작'!G3:G101,1) | G11: =MEDIAN('신작'!K3:K101)
A13: 개봉일 편성 (신작)
A14: 세그먼트 | B14: 개봉일 좌석 중앙값 | C14: 개봉일 스크린 중앙값 | D14: 개봉일 좌석판매율 중앙값
A15: 애니메이션 | B15: =MEDIAN('신작'!H68:H101) | C15: =MEDIAN('신작'!I68:I101) | D15: =MEDIAN('신작'!L68:L101)
A16: 공연·실황 | B16: =MEDIAN('신작'!H3:H12) | C16: =MEDIAN('신작'!I3:I12) | D16: =MEDIAN('신작'!L3:L12)
A17: 실사 외화 | B17: =MEDIAN('신작'!H13:H57) | C17: =MEDIAN('신작'!I13:I57) | D17: =MEDIAN('신작'!L13:L57)
A18: 실사 한국 | B18: =MEDIAN('신작'!H58:H67) | C18: =MEDIAN('신작'!I58:I67) | D18: =MEDIAN('신작'!L58:L67)
A21: 인 더 그레이 밴드 — 실사 외화 × 메가 150관 이상
A22: 인 더 그레이(2026-09-02 개봉, 우리 수입배급작)의 최근접 comp. 상세는 「인더그레이 밴드」 시트.
A23: 지표 | B23: 값
A24: 편수 | B24: =COUNT('인더그레이 밴드'!G3:G8)
A25: 최종 최대 | B25: =MAX('인더그레이 밴드'!G3:G8)
A26: 최종 중앙값 | B26: =MEDIAN('인더그레이 밴드'!G3:G8)
A27: 최종 최소 | B27: =MIN('인더그레이 밴드'!G3:G8)
A28: 개봉일 좌석 중앙값 | B28: =MEDIAN('인더그레이 밴드'!H3:H8)
A29: 개봉일 관객 중앙값 | B29: =MEDIAN('인더그레이 밴드'!J3:J8)
A30: 배수 중앙값 | B30: =MEDIAN('인더그레이 밴드'!K3:K8)
A32: 해석 ① 진격의 거인 완결편이 334관 메가박스 단독으로 949,711명 — 단독개봉이라 물리적으로 못 간다는 명제는 성립하지 않는다.
A33: 해석 ② 실사 외화 천장 63,767은 '단독의 한계'가 아니라, 그 급 수요의 실사 외화가 아직 단독으로 안 왔다는 표본 사실에 가깝다. 밴드는 하한 근거로 쓰고 상단은 열어둘 것.
A34: 해석 ③ 개봉일 편성(4.5만~6.3만석)은 6편이 비슷한데 최종은 3.7배 갈린다 → 편성 규모보다 개봉일 관객수·첫주 유지율의 판별력이 크다.
A35: 주의 ① 워페어·극장판 기븐은 상영중이라 최종 아님(노란 행).
A36: 주의 ② 판정 커버리지는 4대 체인(CGV·롯데시네마·메가박스·씨네Q)뿐 — 독립극장·예술전용관 상영은 보이지 않는다.

Sheet 전체
A1: ※ 판정: KOBIS 「체인영화관별 상영현황」 실측 — 오리지널 런 구간에서 CGV·롯데 편성 0 & 메가박스 편성 有 (씨네Q 허용, 메가 최대주간 50관 이상). 노란 행 = 상영중이라 최종 아님.
A2: 영화명 | B2: 개봉일 | C2: 원개봉일 | D2: 구분 | E2: 세그먼트 | F2: 상영상태 | G2: 누적관객 | H2: 개봉일좌석수 | I2: 개봉일스크린수 | J2: 개봉일관객수 | K2: 배수(누적÷개봉일좌석) | L2: 개봉일 좌석판매율 | M2: 메가최대일간스크린 | N2: 평균스크린 | O2: 스크린당좌석 | P2: 상영주수 | Q2: 단독런시작 | R2: 단독런종료 | S2: 장르 | T2: 대표국적 | U2: 배급사
A3: 극장판 진격의 거인 완결편 더 라스트 어택 | B3: 2025-03-13 | C3: 2025-03-13 | D3: 신작 | E3: 애니메이션 | F3: 종영 | G3: 949711 | H3: 116840 | I3: 335 | J3: 37674 | K3: =IFERROR(G3/H3,"") | L3: =IFERROR(J3/H3,"") | M3: 334 | N3: 81.2 | O3: 306 | P3: 35 | Q3: 2025-03-03 | R3: 2025-11-02 | S3: 애니메이션 | T3: 일본 | U3: (주)애니플러스
A4: 룩백 | B4: 2024-09-05 | C4: 2024-09-05 | D4: 신작 | E4: 애니메이션 | F4: 종영 | G4: 301976 | H4: 116966 | I4: 184 | J4: 16206 | K4: =IFERROR(G4/H4,"") | L4: =IFERROR(J4/H4,"") | M4: 220 | N4: 100.1 | O4: 253 | P4: 19 | Q4: 2024-08-26 | R4: 2025-01-05 | S4: 애니메이션 | T4: 일본 | U4: 메가박스중앙(주)
A5: 러브레터 | B5: 2025-01-01 | C5: 1999-11-20 | D5: 재개봉/구작 | E5: 실사 외화 | F5: 종영 | G5: 116561 | H5: 35619 | I5: 181 | J5: 14957 | K5: =IFERROR(G5/H5,"") | L5: =IFERROR(J5/H5,"") | M5: 169 | N5: 70.4 | O5: 188 | P5: 13 | Q5: 2024-12-23 | R5: 2025-03-23 | S5: 멜로/로맨스,드라마 | T5: 일본 | U5: 워터홀컴퍼니(주),주식회사 왓챠,와이드 릴리즈(주),(주)제이앤씨미디어그룹,(유)조이앤시네마,(주)팝엔터테인먼트
A6: 프랑켄슈타인 : 더 뮤지컬 라이브 | B6: 2025-09-18 | C6: 2025-09-18 | D6: 신작 | E6: 공연·실황 | F6: 종영 | G6: 93574 | H6: 20923 | I6: 19 | J6: 4789 | K6: =IFERROR(G6/H6,"") | L6: =IFERROR(J6/H6,"") | M6: 141 | N6: 47.1 | O6: 219 | P6: 14 | Q6: 2025-09-08 | R6: 2025-12-14 | S6: 공연 | T6: 한국 | U6: (주)위즈온센,메가박스중앙(주)
A7: 극장판 프로젝트 세카이 부서진 세카이와 전해지지 않는 미쿠의 노래 | B7: 2025-05-29 | C7: 2025-05-29 | D7: 신작 | E7: 애니메이션 | F7: 종영 | G7: 82581 | H7: 43901 | I7: 158 | J7: 7510 | K7: =IFERROR(G7/H7,"") | L7: =IFERROR(J7/H7,"") | M7: 157 | N7: 48 | O7: 160 | P7: 15 | Q7: 2025-05-26 | R7: 2025-09-07 | S7: 애니메이션 | T7: 일본 | U7: (주)애니플러스
A8: 우마무스메 프리티 더비 새로운 시대의 문 | B8: 2024-07-11 | C8: 2024-07-11 | D8: 신작 | E8: 애니메이션 | F8: 종영 | G8: 64612 | H8: 37649 | I8: 127 | J8: 6421 | K8: =IFERROR(G8/H8,"") | L8: =IFERROR(J8/H8,"") | M8: 126 | N8: 51 | O8: 177 | P8: 11 | Q8: 2024-07-01 | R8: 2024-09-15 | S8: 애니메이션 | T8: 일본 | U8: (주)애니플러스
A9: 머티리얼리스트 | B9: 2025-08-08 | C9: 2025-08-08 | D9: 신작 | E9: 실사 외화 | F9: 종영 | G9: 63767 | H9: 62670 | I9: 166 | J9: 7585 | K9: =IFERROR(G9/H9,"") | L9: =IFERROR(J9/H9,"") | M9: 157 | N9: 63.6 | O9: 213 | P9: 9 | Q9: 2025-07-28 | R9: 2025-09-28 | S9: 멜로/로맨스,코미디 | T9: 미국 | U9: 소니픽쳐스엔터테인먼트코리아주식회사극장배급지점
A10: 라스트 마일 | B10: 2025-03-26 | C10: 2025-03-26 | D10: 신작 | E10: 실사 외화 | F10: 종영 | G10: 53013 | H10: 42700 | I10: 148 | J10: 4031 | K10: =IFERROR(G10/H10,"") | L10: =IFERROR(J10/H10,"") | M10: 147 | N10: 49.9 | O10: 202 | P10: 11 | Q10: 2025-03-17 | R10: 2025-06-01 | S10: 스릴러,드라마 | T10: 일본 | U10: (주)엠디에스스피어
A11: 첫 번째 키스 | B11: 2025-02-26 | C11: 2025-02-26 | D11: 신작 | E11: 실사 외화 | F11: 종영 | G11: 49143 | H11: 61274 | I11: 184 | J11: 6199 | K11: =IFERROR(G11/H11,"") | L11: =IFERROR(J11/H11,"") | M11: 178 | N11: 64.2 | O11: 208 | P11: 8 | Q11: 2025-02-24 | R11: 2025-04-20 | S11: 드라마,멜로/로맨스 | T11: 일본 | U11: 메가박스중앙(주)
A12: 엘리자벳: 더 뮤지컬 라이브 | B12: 2024-10-16 | C12: 2024-10-16 | D12: 신작 | E12: 공연·실황 | F12: 종영 | G12: 47522 | H12: 19245 | I12: 18 | J12: 2659 | K12: =IFERROR(G12/H12,"") | L12: =IFERROR(J12/H12,"") | M12: 118 | N12: 57.3 | O12: 219 | P12: 8 | Q12: 2024-10-14 | R12: 2024-12-08 | S12: 공연,뮤지컬 | T12: 한국 | U12: (주)위즈온센,메가박스중앙(주)
A13: 극장판 아이돌리쉬 세븐; 라이브 4비트 비욘드 더 피리어드 - 데이 2 | B13: 2023-10-19 | C13: 2023-10-19 | D13: 신작 | E13: 애니메이션 | F13: 종영 | G13: 46677 | H13: 10330 | I13: 78 | J13: 1155 | K13: =IFERROR(G13/H13,"") | L13: =IFERROR(J13/H13,"") | M13: 78 | N13: 8.2 | O13: 158 | P13: 47 | Q13: 2023-10-09 | R13: 2024-09-01 | S13: 애니메이션 | T13: 일본 | U13: 메가박스중앙(주)
A14: 쇼생크 탈출 | B14: 2024-05-08 | C14: 1995-02-04 | D14: 재개봉/구작 | E14: 실사 외화 | F14: 종영 | G14: 46108 | H14: 36526 | I14: 123 | J14: 5972 | K14: =IFERROR(G14/H14,"") | L14: =IFERROR(J14/H14,"") | M14: 107 | N14: 36.3 | O14: 206 | P14: 11 | Q14: 2024-04-29 | R14: 2024-07-14 | S14: 드라마 | T14: 미국 | U14: 롯데컬처웍스(주)롯데시네마,(주)팝엔터테인먼트,THE 픽쳐스
... A50: 코코 | B50: 2024-05-30 | C50: 2018-01-11 | D50: 재개봉/구작 | E50: 애니메이션 | F50: 종영 | G50: 16917 | H50: 36952 | I50: 104 | J50: 3998 | K50: =IFERROR(G50/H50,"") | L50: =IFERROR(J50/H50,"") | M50: 104 | N50: 88 | O50: 250 | P50: 3 | Q50: 2024-05-27 | R50: 2024-06-16 | S50: 애니메이션 | T50: 미국 | U50: 월트디즈니컴퍼니코리아 유한책임회사
A51: 첫여름 | B51: 2025-08-06 | D51: 재개봉/구작 | E51: 실사 한국 | F51: 종영 | G51: 16906 | H51: 13702 | I51: 85 | J51: 1595 | K51: =IFERROR(G51/H51,"") | L51: =IFERROR(J51/H51,"") | M51: 85 | N51: 32.3 | O51: 132 | P51: 10 | Q51: 2025-07-28 | R51: 2025-10-05 | S51: 드라마 | T51: 한국 | U51: 한국영화아카데미
A52: 가타카 | B52: 2025-11-20 | C52: 1998-05-02 | D52: 재개봉/구작 | E52: 실사 외화 | F52: 종영 | G52: 16560 | H52: 15383 | I52: 71 | J52: 1388 | K52: =IFERROR(G52/H52,"") | L52: =IFERROR(J52/H52,"") | M52: 72 | N52: 26.7 | O52: 148 | P52: 7 | Q52: 2025-11-17 | R52: 2026-01-04 | S52: SF,드라마,미스터리,스릴러 | T52: 미국
A53: 극장판 츠루네: 시작의 한 발 | B53: 2024-02-21 | C53: 2024-02-21 | D53: 신작 | E53: 애니메이션 | F53: 종영 | G53: 16531 | H53: 33564 | I53: 119 | J53: 3654 | K53: =IFERROR(G53/H53,"") | L53: =IFERROR(J53/H53,"") | M53: 118 | N53: 34.3 | O53: 149 | P53: 8 | Q53: 2024-02-12 | R53: 2024-04-07 | S53: 애니메이션 | T53: 일본 | U53: (주)라이크콘텐츠
A54: 중경삼림 | B54: 2024-02-14 | C54: 1995-09-02 | D54: 재개봉/구작 | E54: 실사 외화 | F54: 종영 | G54: 16102 | H54: 6776 | I54: 53 | J54: 1390 | K54: =IFERROR(G54/H54,"") | L54: =IFERROR(J54/H54,"") | M54: 53 | N54: 11.3 | O54: 111 | P54: 14 | Q54: 2024-02-12 | R54: 2024-05-19 | S54: 드라마 | T54: 홍콩 | U54: (주)디스테이션
A55: 해피 투게더 | B55: 2023-03-30 | C55: 1998-08-22 | D55: 재개봉/구작 | E55: 실사 외화 | F55: 종영 | G55: 15835 | H55: 36350 | I55: 140 | J55: 7147 | K55: =IFERROR(G55/H55,"") | L55: =IFERROR(J55/H55,"") | M55: 129 | N55: 42.1 | O55: 186 | P55: 5 | Q55: 2023-03-27 | R55: 2023-04-30 | S55: 드라마,멜로/로맨스 | T55: 홍콩 | U55: (주)디스테이션
A56: 히어 | B56: 2025-02-19 | C56: 2025-02-19 | D56: 신작 | E56: 실사 외화 | F56: 종영 | G56: 15435 | H56: 50640 | I56: 144 | J56: 3227 | K56: =IFERROR(G56/H56,"") | L56: =IFERROR(J56/H56,"") | M56: 112 | N56: 44.2 | O56: 212 | P56: 6 | Q56: 2025-02-10 | R56: 2025-03-23 | S56: 드라마 | T56: 미국 | U56: 메가박스중앙(주),(주)이놀미디어
A57: 영웅: 라이브 인 시네마 | B57: 2024-08-21 | C57: 2024-08-21 | D57: 신작 | E57: 공연·실황 | F57: 종영 | G57: 15141 | H57: 6291 | I57: 21 | J57: 803 | K57: =IFERROR(G57/H57,"") | L57: =IFERROR(J57/H57,"") | M57: 98 | N57: 24.5 | O57: 154 | P57: 18 | Q57: 2024-08-12 | R57: 2024-12-15 | S57: 공연,뮤지컬 | T57: 한국 | U57: (주)위즈온센,메가박스중앙(주)
A58: 철도원 | B58: 2026-01-07 | C58: 2000-02-04 | D58: 재개봉/구작 | E58: 실사 외화 | F58: 종영 | G58: 14997 | H58: 24542 | I58: 127 | J58: 1289 | K58: =IFERROR(G58/H58,"") | L58: =IFERROR(J58/H58,"") | M58: 123 | N58: 53.5 | O58: 147 | P58: 5 | Q58: 2026-01-05 | R58: 2026-02-08 | S58: 가족,드라마 | T58: 일본 | U58: 와이드 릴리즈(주)
A59: 엑소시스트: 더 바티칸 | B59: 2023-05-10 | C59: 2023-05-10 | D59: 신작 | E59: 실사 외화 | F59: 종영 | G59: 14639 | H59: 43011 | I59: 129 | J59: 2373 | K59: =IFERROR(G59/H59,"") | L59: =IFERROR(J59/H59,"") | M59: 127 | N59: 54.2 | O59: 224 | P59: 5 | Q59: 2023-05-01 | R59: 2023-06-04 | S59: 공포(호러) | T59: 미국 | U59: 소니픽쳐스엔터테인먼트코리아주식회사극장배급지점
A60: 슈퍼소닉 | B60: 2025-08-29 | C60: 2016-11-24 | D60: 재개봉/구작 | E60: 실사 외화 | F60: 종영 | G60: 14607 | H60: 25786 | I60: 124 | J60: 3774 | K60: =IFERROR(G60/H60,"") | L60: =IFERROR(J60/H60,"") | M60: 93 | N60: 39.8 | O60: 158 | P60: 6 | Q60: 2025-08-18 | R60: 2025-09-28 | S60: 다큐멘터리 | T60: 영국 | U60: (주)레드아이스 엔터테인먼트,주식회사 씨네룩스
A61: 커미션 | B61: 2025-07-16 | C61: 2025-07-16 | D61: 신작 | E61: 실사 한국 | F61: 종영 | G61: 14415 | H61: 22780 | I61: 127 | J61: 2688 | K61: =IFERROR(G61/H61,"") | L61: =IFERROR(J61/H61,"") | M61: 126 | N61: 49.1 | O61: 142 | P61: 5 | Q61: 2025-07-07 | R61: 2025-08-10 | S61: 미스터리,스릴러 | T61: 한국 | U61: (주)팬엔터테인먼트,(주)미디어캐슬
A62: 씰벤져스 : 용감한 바다특공대 | B62: 2023-09-27 | C62: 2023-09-27 | D62: 신작 | E62: 애니메이션 | F62: 종영 | G62: 14209 | H62: 10144 | I62: 79 | J62: 608 | K62: =IFERROR(G62/H62,"") | L62: =IFERROR(J62/H62,"") | M62: 109 | N62: 35 | O62: 145 | P62: 8 | Q62: 2023-09-18 | R62: 2023-11-12 | S62: 애니메이션,액션,코미디,어드벤처 | T62: 미국 | U62: (주)무비다이브
A63: 오피셜히게단디즘 라이브 앳 스타디움 2025 | B63: 2026-04-02 | C63: 2026-04-02 | D63: 신작 | E63: 공연·실황 | F63: 종영 | G63: 13842 | H63: 14556 | I63: 58 | J63: 3178 | K63: =IFERROR(G63/H63,"") | L63: =IFERROR(J63/H63,"") | M63: 58 | N63: 19.2 | O63: 195 | P63: 8 | Q63: 2026-03-30 | R63: 2026-05-24 | S63: 공연 | T63: 일본 | U63: (주)영화사 그램
A64: 크리스마스에 기적을 만날 확률 | B64: 2024-12-11 | C64: 2007-12-12 | D64: 재개봉/구작 | E64: 애니메이션 | F64: 종영 | G64: 13312 | H64: 21229 | I64: 117 | J64: 1827 | K64: =IFERROR(G64/H64,"") | L64: =IFERROR(J64/H64,"") | M64: 110 | N64: 35.6 | O64: 139 | P64: 7 | Q64: 2024-12-09 | R64: 2025-01-26 | S64: 애니메이션,드라마,액션 | T64: 일본 | U64: (주)팝엔터테인먼트,롯데쇼핑㈜롯데엔터테인먼트
... A71: 영화 러브 라이브! 니지가사키 학원 스쿨 아이돌 동호회 완결편 제1장 | B71: 2025-02-06 | C71: 2025-02-06 | D71: 신작 | E71: 애니메이션 | F71: 종영 | G71: 10914 | H71: 26756 | I71: 110 | J71: 1620 | K71: =IFERROR(G71/H71,"") | L71: =IFERROR(J71/H71,"") | M71: 110 | N71: 26 | O71: 160 | P71: 11 | Q71: 2025-02-03 | R71: 2025-04-20 | S71: 애니메이션 | T71: 일본 | U71: (주)애니플러스
A72: 택시 드라이버 | B72: 2025-04-09 | C72: 1989-02-17 | D72: 재개봉/구작 | E72: 실사 외화 | F72: 종영 | G72: 10856 | H72: 20556 | I72: 82 | J72: 2006 | K72: =IFERROR(G72/H72,"") | L72: =IFERROR(J72/H72,"") | M72: 83 | N72: 61.7 | O72: 164 | P72: 4 | Q72: 2025-04-07 | R72: 2025-05-04 | S72: 드라마,스릴러 | T72: 미국
A73: 몽키맨 | B73: 2024-06-19 | C73: 2024-06-19 | D73: 신작 | E73: 실사 외화 | F73: 종영 | G73: 10490 | H73: 35002 | I73: 146 | J73: 1196 | K73: =IFERROR(G73/H73,"") | L73: =IFERROR(J73/H73,"") | M73: 75 | N73: 34.6 | O73: 186 | P73: 5 | Q73: 2024-06-10 | R73: 2024-07-14 | S73: 액션,스릴러 | T73: 미국 | U73: 유니버설픽쳐스인터내셔널 코리아(유)
A74: 에드워드 호퍼 | B74: 2024-11-27 | C74: 2024-11-27 | D74: 신작 | E74: 실사 외화 | F74: 종영 | G74: 10471 | H74: 15473 | I74: 111 | J74: 1422 | K74: =IFERROR(G74/H74,"") | L74: =IFERROR(J74/H74,"") | M74: 77 | N74: 30.8 | O74: 125 | P74: 5 | Q74: 2024-11-25 | R74: 2024-12-29 | S74: 다큐멘터리 | T74: 영국 | U74: 영화사빅
A75: 대결! 애니메이션 | B75: 2024-03-06 | C75: 2024-03-06 | D75: 신작 | E75: 실사 외화 | F75: 종영 | G75: 10118 | H75: 21316 | I75: 103 | J75: 2122 | K75: =IFERROR(G75/H75,"") | L75: =IFERROR(J75/H75,"") | M75: 102 | N75: 25.8 | O75: 157 | P75: 9 | Q75: 2024-02-19 | R75: 2024-04-21 | S75: 드라마 | T75: 일본 | U75: (주)빌리언스플러스,(주)블루라벨픽쳐스
A76: 금지된 장난 | B76: 2024-06-05 | C76: 2024-06-05 | D76: 신작 | E76: 실사 외화 | F76: 종영 | G76: 10064 | H76: 26902 | I76: 118 | J76: 2228 | K76: =IFERROR(G76/H76,"") | L76: =IFERROR(J76/H76,"") | M76: 74 | N76: 42.5 | O76: 172 | P76: 4 | Q76: 2024-06-03 | R76: 2024-06-30 | S76: 공포(호러) | T76: 일본 | U76: 와이드 릴리즈(주)
A77: 레옹 | B77: 2024-04-22 | C77: 1995-02-18 | D77: 재개봉/구작 | E77: 실사 외화 | F77: 종영 | G77: 10030 | H77: 18828 | I77: 94 | J77: 1129 | K77: =IFERROR(G77/H77,"") | L77: =IFERROR(J77/H77,"") | M77: 88 | N77: 20.9 | O77: 140 | P77: 5 | Q77: 2024-04-22 | R77: 2024-05-26 | S77: 액션,범죄 | T77: 프랑스 | U77: 와이드 릴리즈(주),(주)제이앤씨미디어그룹,(주)팝파트너스
A78: 좀비 랜드 사가: 유메긴가 파라다이스 | B78: 2026-03-04 | C78: 2026-03-04 | D78: 신작 | E78: 애니메이션 | F78: 종영 | G78: 9851 | H78: 15447 | I78: 104 | J78: 804 | K78: =IFERROR(G78/H78,"") | L78: =IFERROR(J78/H78,"") | M78: 100 | N78: 25.4 | O78: 118 | P78: 11 | Q78: 2026-03-02 | R78: 2026-05-17 | S78: 애니메이션 | T78: 일본 | U78: 메가박스중앙(주)
A79: 그랜드 부다페스트 호텔 | B79: 2026-04-08 | C79: 2014-03-20 | D79: 재개봉/구작 | E79: 실사 외화 | F79: 종영 | G79: 9624 | H79: 20307 | I79: 81 | J79: 3077 | K79: =IFERROR(G79/H79,"") | L79: =IFERROR(J79/H79,"") | M79: 81 | N79: 23.8 | O79: 190 | P79: 5 | Q79: 2026-04-06 | R79: 2026-05-10 | S79: 미스터리,어드벤처 | T79: 미국 | U79: (주)피터팬픽쳐스,이십세기폭스코리아(주),월트디즈니컴퍼니코리아 유한책임회사
A80: 라이프 오브 파이 | B80: 2026-03-25 | C80: 2013-01-01 | D80: 재개봉/구작 | E80: 실사 외화 | F80: 종영 | G80: 9540 | H80: 16920 | I80: 58 | J80: 3065 | K80: =IFERROR(G80/H80,"") | L80: =IFERROR(J80/H80,"") | M80: 58 | N80: 26 | O80: 214 | P80: 4 | Q80: 2026-03-23 | R80: 2026-04-19 | S80: 어드벤처,드라마 | T80: 미국 | U80: 월트디즈니컴퍼니코리아 유한책임회사,주식회사 해리슨앤컴퍼니,이십세기폭스코리아(주)
A81: 극장판 다이노맨: 공룡산의 비밀 | B81: 2025-07-25 | C81: 2025-07-25 | D81: 신작 | E81: 애니메이션 | F81: 종영 | G81: 9288 | H81: 8031 | I81: 64 | J81: 875 | K81: =IFERROR(G81/H81,"") | L81: =IFERROR(J81/H81,"") | M81: 81 | N81: 13.6 | O81: 113 | P81: 11 | Q81: 2025-07-07 | R81: 2025-09-21 | S81: 애니메이션 | T81: 한국 | U81: (주)엠디에스스피어
A82: 366일 | B82: 2025-06-11 | D82: 재개봉/구작 | E82: 실사 외화 | F82: 종영 | G82: 9120 | H82: 25550 | I82: 134 | J82: 1138 | K82: =IFERROR(G82/H82,"") | L82: =IFERROR(J82/H82,"") | M82: 133 | N82: 43.9 | O82: 151 | P82: 5 | Q82: 2025-06-09 | R82: 2025-07-13 | S82: 멜로/로맨스 | T82: 몽고
A83: 자우림, 더 원더랜드 | B83: 2023-06-07 | C83: 2023-06-07 | D83: 신작 | E83: 실사 한국 | F83: 종영 | G83: 8951 | H83: 16218 | I83: 84 | J83: 682 | K83: =IFERROR(G83/H83,"") | L83: =IFERROR(J83/H83,"") | M83: 89 | N83: 20.7 | O83: 148 | P83: 8 | Q83: 2023-05-29 | R83: 2023-07-23 | S83: 다큐멘터리 | T83: 한국 | U83: 메가박스중앙(주),써티세븐스디그리(주)
A84: 영화 러브 라이브! 니지가사키 학원 스쿨 아이돌 동호회 완결편 제2장 | B84: 2026-02-18 | C84: 2026-02-18 | D84: 신작 | E84: 애니메이션 | F84: 종영 | G84: 8913 | H84: 14883 | I84: 107 | J84: 2220 | K84: =IFERROR(G84/H84,"") | L84: =IFERROR(J84/H84,"") | M84: 106 | N84: 19.9 | O84: 132 | P84: 9 | Q84: 2026-02-16 | R84: 2026-04-19 | S84: 애니메이션 | T84: 일본 | U84: (주)애니플러스
A85: 극장판 뱅드림! 잇츠 마이고!!!!! 후편: 노래하자, 우리가 될 수 있는 노래 & 필름 라이브 | B85: 2025-06-19 | C85: 2025-06-19 | D85: 신작 | E85: 애니메이션 | F85: 종영 | G85: 8870 | H85: 16334 | I85: 76 | J85: 3418 | K85: =IFERROR(G85/H85,"") | L85: =IFERROR(J85/H85,"") | M85: 76 | N85: 21.9 | O85: 148 | P85: 6 | Q85: 2025-06-16 | R85: 2025-07-27 | S85: 애니메이션 | T85: 일본 | U85: (주)애니플러스
A86: 코넬의 상자 | B86: 2025-01-08 | C86: 2025-01-08 | D86: 신작 | E86: 실사 한국 | F86: 종영 | G86: 8421 | H86: 8793 | I86: 54 | J86: 843 | K86: =IFERROR(G86/H86,"") | L86: =IFERROR(J86/H86,"") | M86: 53 | N86: 43.3 | O86: 128 | P86: 3 | Q86: 2025-01-06 | R86: 2025-01-26 | S86: 미스터리,스릴러 | T86: 한국 | U86: 와이드 릴리즈(주)
A87: 미야자키 하야오의 그대들은 어떻게 살 것인가 | B87: 2026-04-15 | C87: 2026-04-15 | D87: 신작 | E87: 실사 외화 | F87: 종영 | G87: 8404 | H87: 12149 | I87: 72 | J87: 1414 | K87: =IFERROR(G87/H87,"") | L87: =IFERROR(J87/H87,"") | M87: 70 | N87: 19 | O87: 137 | P87: 9 | Q87: 2026-03-30 | R87: 2026-05-31 | S87: 다큐멘터리 | T87: 일본 | U87: (주)디스테이션
A88: 굿 보이 | B88: 2025-10-22 | C88: 2025-10-22 | D88: 신작 | E88: 실사 외화 | F88: 종영 | G88: 8338 | H88: 23600 | I88: 140 | J88: 1402 | K88: =IFERROR(G88/H88,"") | L88: =IFERROR(J88/H88,"") | M88: 139 | N88: 47 | O88: 147 | P88: 5 | Q88: 2025-10-20 | R88: 2025-11-23 | S88: 스릴러,공포(호러) | T88: 미국 | U88: 찬란,주식회사 로아앤코홀딩스
A89: 우마무스메 프리티 더비 로드 투 더 탑 | B89: 2024-06-27 | D89: 재개봉/구작 | E89: 애니메이션 | F89: 종영 | G89: 8135 | H89: 13305 | I89: 64 | J89: 2741 | K89: =IFERROR(G89/H89,"") | L89: =IFERROR(J89/H89,"") | M89: 64 | N89: 44.2 | O89: 161 | P89: 3 | Q89: 2024-06-24 | R89: 2024-07-14 | S89: 애니메이션 | T89: 일본 | U89: (주)애니플러스
A90: 광장 | B90: 2026-01-15 | C90: 2026-01-15 | D90: 신작 | E90: 애니메이션 | F90: 종영 | G90: 8107 | H90: 22388 | I90: 125 | J90: 1272 | K90: =IFERROR(G90/H90,"") | L90: =IFERROR(J90/H90,"") | M90: 70 | N90: 39 | O90: 134 | P90: 6 | Q90: 2026-01-05 | R90: 2026-02-15 | S90: 애니메이션 | T90: 한국 | U90: (주)스튜디오디에이치엘
A91: 극장판 뱅드림! 잇츠 마이고!!!!! 전편: 봄의 양지, 방황하는 고양이 | B91: 2025-04-24 | C91: 2025-04-24 | D91: 신작 | E91: 애니메이션 | F91: 종영 | G91: 7898 | H91: 17986 | I91: 77 | J91: 1518 | K91: =IFERROR(G91/H91,"") | L91: =IFERROR(J91/H91,"") | M91: 77 | N91: 36.7 | O91: 162 | P91: 4 | Q91: 2025-04-21 | R91: 2025-05-18 | S91: 애니메이션 | T91: 일본 | U91: (주)애니플러스
A92: 마작 | B92: 2025-10-15 | C92: 2025-10-15 | D92: 신작 | E92: 실사 외화 | F92: 종영 | G92: 7363 | H92: 18072 | I92: 108 | J92: 613 | K92: =IFERROR(G92/H92,"") | L92: =IFERROR(J92/H92,"") | M92: 95 | N92: 26.6 | O92: 126 | P92: 9 | Q92: 2025-09-29 | R92: 2025-11-30 | S92: 드라마 | T92: 대만 | U92: (주)디스테이션
A93: 뱀파이어 헌터 D | B93: 2025-11-12 | C93: 2025-11-12 | D93: 신작 | E93: 애니메이션 | F93: 종영 | G93: 7168 | H93: 9160 | I93: 54 | J93: 694 | K93: =IFERROR(G93/H93,"") | L93: =IFERROR(J93/H93,"") | M93: 54 | N93: 21.2 | O93: 138 | P93: 7 | Q93: 2025-11-03 | R93: 2025-12-21 | S93: 애니메이션 | T93: 일본 | U93: (주)엠디에스스피어
A94: #진상을 말씀드립니다 | B94: 2025-09-24 | C94: 2025-09-24 | D94: 신작 | E94: 실사 외화 | F94: 종영 | G94: 7002 | H94: 14526 | I94: 106 | J94: 895 | K94: =IFERROR(G94/H94,"") | L94: =IFERROR(J94/H94,"") | M94: 103 | N94: 23.6 | O94: 132 | P94: 9 | Q94: 2025-09-08 | R94: 2025-11-09 | S94: 미스터리,스릴러,드라마 | T94: 일본 | U94: 주식회사 로아앤코홀딩스,(주)영화사 안다미로
A95: 파이널 피스 | B95: 2026-05-27 | C95: 2026-05-27 | D95: 신작 | E95: 실사 외화 | F95: 종영 | G95: 6982 | H95: 7759 | I95: 66 | J95: 204 | K95: =IFERROR(G95/H95,"") | L95: =IFERROR(J95/H95,"") | M95: 65 | N95: 30.9 | O95: 124 | P95: 4 | Q95: 2026-05-18 | R95: 2026-06-14 | S95: 미스터리,드라마 | T95: 일본 | U95: (주)디스테이션
A96: 스타 이즈 본 | B96: 2023-11-29 | C96: 2018-10-09 | D96: 재개봉/구작 | E96: 실사 외화 | F96: 종영 | G96: 6925 | H96: 19370 | I96: 52 | J96: 1766 | K96: =IFERROR(G96/H96,"") | L96: =IFERROR(J96/H96,"") | M96: 53 | N96: 27.9 | O96: 242 | P96: 3 | Q96: 2023-11-27 | R96: 2023-12-17 | S96: 드라마,멜로/로맨스 | T96: 미국 | U96: 워너브러더스 코리아(주)
A97: 기괴도 | B97: 2024-06-12 | C97: 2024-06-12 | D97: 신작 | E97: 실사 외화 | F97: 종영 | G97: 6912 | H97: 18104 | I97: 104 | J97: 1682 | K97: =IFERROR(G97/H97,"") | L97: =IFERROR(J97/H97,"") | M97: 83 | N97: 36.5 | O97: 149 | P97: 4 | Q97: 2024-06-10 | R97: 2024-07-07 | S97: 공포(호러) | T97: 일본 | U97: 와이드 릴리즈(주)
A98: 화양연화 | B98: 2024-02-14 | C98: 2000-10-20 | D98: 재개봉/구작 | E98: 실사 외화 | F98: 종영 | G98: 6706 | H98: 6629 | I98: 50 | J98: 1232 | K98: =IFERROR(G98/H98,"") | L98: =IFERROR(J98/H98,"") | M98: 50 | N98: 38.1 | O98: 129 | P98: 3 | Q98: 2024-02-12 | R98: 2024-03-03 | S98: 드라마,멜로/로맨스 | T98: 홍콩 | U98: (주)디스테이션
A99: 카우보이 비밥-천국의문 | B99: 2025-04-25 | C99: 2003-10-03 | D99: 재개봉/구작 | E99: 애니메이션 | F99: 종영 | G99: 6705 | H99: 20774 | I99: 89 | J99: 1473 | K99: =IFERROR(G99/H99,"") | L99: =IFERROR(J99/H99,"") | M99: 89 | N99: 43.7 | O99: 144 | P99: 5 | Q99: 2025-04-21 | R99: 2025-05-25 | S99: 애니메이션,액션 | T99: 일본 | U99: 콜럼비아트라이스타㈜
A100: 장난을 잘 치는 타카기 양 | B100: 2025-03-05 | C100: 2025-03-05 | D100: 신작 | E100: 실사 외화 | F100: 종영 | G100: 6595 | H100: 29660 | I100: 127 | J100: 1036 | K100: =IFERROR(G100/H100,"") | L100: =IFERROR(J100/H100,"") | M100: 86 | N100: 39.3 | O100: 164 | P100: 6 | Q100: 2025-02-24 | R100: 2025-04-06 | S100: 멜로/로맨스,코미디 | T100: 일본 | U100: TCO(주)더콘텐츠온
A101: 극장판 : 기븐_히이라기 믹스 | B101: 2024-08-28 | C101: 2024-08-28 | D101: 신작 | E101: 애니메이션 | F101: 종영 | G101: 6593 | H101: 20436 | I101: 108 | J101: 1245 | K101: =IFERROR(G101/H101,"") | L101: =IFERROR(J101/H101,"") | M101: 104 | N101: 16 | O101: 149 | P101: 12 | Q101: 2024-08-26 | R101: 2024-11-17 | S101: 애니메이션 | T101: 일본 | U101: (주)팝엔터테인먼트
A102: 단다단: 사안 | B102: 2025-06-05 | D102: 재개봉/구작 | E102: 애니메이션 | F102: 종영 | G102: 6504 | H102: 12363 | I102: 66 | J102: 1419 | K102: =IFERROR(G102/H102,"") | L102: =IFERROR(J102/H102,"") | M102: 65 | N102: 39.2 | O102: 137 | P102: 4 | Q102: 2025-06-02 | R102: 2025-06-29 | S102: 애니메이션 | T102: 일본 | U102: (주)애니플러스
A103: 헤드윅 | B103: 2023-12-06 | C103: 2002-08-09 | D103: 재개봉/구작 | E103: 공연·실황 | F103: 종영 | G103: 6280 | H103: 11909 | I103: 59 | J103: 2552 | K103: =IFERROR(G103/H103,"") | L103: =IFERROR(J103/H103,"") | M103: 59 | N103: 45.4 | O103: 157 | P103: 3 | Q103: 2023-12-04 | R103: 2023-12-24 | S103: 뮤지컬 | T103: 미국 | U103: 워너브러더스 코리아(주),(주)엣나인필름,(주)씨네월드
A104: 피어스 | B104: 2026-05-13 | C104: 2026-05-13 | D104: 신작 | E104: 실사 외화 | F104: 종영 | G104: 6142 | H104: 15665 | I104: 96 | J104: 988 | K104: =IFERROR(G104/H104,"") | L104: =IFERROR(J104/H104,"") | M104: 91 | N104: 20.1 | O104: 123 | P104: 6 | Q104: 2026-05-04 | R104: 2026-06-14 | S104: 드라마,스릴러 | T104: 싱가포르 | U104: (주)영화특별시에스엠씨
A105: 극장판 프리큐어 올스타즈 F | B105: 2024-07-31 | C105: 2024-07-31 | D105: 신작 | E105: 애니메이션 | F105: 종영 | G105: 6007 | H105: 17526 | I105: 104 | J105: 1013 | K105: =IFERROR(G105/H105,"") | L105: =IFERROR(J105/H105,"") | M105: 103 | N105: 21.2 | O105: 145 | P105: 8 | Q105: 2024-07-22 | R105: 2024-09-15 | S105: 애니메이션 | T105: 일본 | U105: (주)디스테이션
A106: 칸다하 | B106: 2023-09-20 | C106: 2023-09-20 | D106: 신작 | E106: 실사 외화 | F106: 종영 | G106: 5949 | H106: 17605 | I106: 78 | J106: 1203 | K106: =IFERROR(G106/H106,"") | L106: =IFERROR(J106/H106,"") | M106: 78 | N106: 31.9 | O106: 190 | P106: 3 | Q106: 2023-09-18 | R106: 2023-10-08 | S106: 스릴러,액션 | T106: 미국 | U106: (주)누리픽쳐스
A107: 아이언맨 | B107: 2024-10-09 | C107: 2008-04-30 | D107: 재개봉/구작 | E107: 실사 외화 | F107: 종영 | G107: 5944 | H107: 18444 | I107: 88 | J107: 2924 | K107: =IFERROR(G107/H107,"") | L107: =IFERROR(J107/H107,"") | M107: 88 | N107: 50.4 | O107: 173 | P107: 3 | Q107: 2024-10-07 | R107: 2024-10-27 | S107: SF,드라마,액션 | T107: 미국 | U107: 씨제이엔터테인먼트
A108: 누룩 | B108: 2026-04-15 | C108: 2026-04-15 | D108: 신작 | E108: 실사 한국 | F108: 종영 | G108: 5911 | H108: 9887 | I108: 76 | J108: 1190 | K108: =IFERROR(G108/H108,"") | L108: =IFERROR(J108/H108,"") | M108: 74 | N108: 27.8 | O108: 124 | P108: 4 | Q108: 2026-04-06 | R108: 2026-05-03 | S108: 가족,미스터리,드라마 | T108: 한국 | U108: (주)로드쇼플러스
A109: 5등분의 신부 스페셜 | B109: 2023-10-12 | D109: 재개봉/구작 | E109: 애니메이션 | F109: 종영 | G109: 5854 | H109: 13124 | I109: 69 | J109: 833 | K109: =IFERROR(G109/H109,"") | L109: =IFERROR(J109/H109,"") | M109: 69 | N109: 36.7 | O109: 155 | P109: 4 | Q109: 2023-10-09 | R109: 2023-11-05 | S109: 애니메이션 | T109: 일본
A110: 지리멸렬 | B110: 2025-08-27 | D110: 재개봉/구작 | E110: 실사 한국 | F110: 종영 | G110: 5268 | H110: 11813 | I110: 88 | J110: 783 | K110: =IFERROR(G110/H110,"") | L110: =IFERROR(J110/H110,"") | M110: 87 | N110: 45.2 | O110: 123 | P110: 5 | Q110: 2025-08-25 | R110: 2025-09-28 | S110: 코미디 | T110: 한국 | U110: ㈜인디스토리
A111: 2017 방탄소년단 라이브 트릴로지 에피소드 3 윙스 투어 더 파이널 리마스터링 | B111: 2025-09-23 | C111: 2025-09-23 | D111: 신작 | E111: 공연·실황 | F111: 종영 | G111: 5209 | H111: 285 | I111: 1 | J111: 150 | K111: =IFERROR(G111/H111,"") | L111: =IFERROR(J111/H111,"") | M111: 57 | N111: 29 | O111: 152 | P111: 5 | Q111: 2025-09-22 | R111: 2025-10-26 | S111: 공연 | T111: 한국 | U111: 메가박스중앙(주)
A112: 기빗올: 우리들의 썸머 | B112: 2025-06-18 | C112: 2025-06-18 | D112: 신작 | E112: 애니메이션 | F112: 종영 | G112: 5190 | H112: 23212 | I112: 107 | J112: 1152 | K112: =IFERROR(G112/H112,"") | L112: =IFERROR(J112/H112,"") | M112: 105 | N112: 38.9 | O112: 148 | P112: 5 | Q112: 2025-06-09 | R112: 2025-07-13 | S112: 애니메이션 | T112: 일본 | U112: 찬란
A113: 기쿠지로의 여름 | B113: 2024-07-03 | C113: 2002-08-30 | D113: 재개봉/구작 | E113: 실사 외화 | F113: 종영 | G113: 5186 | H113: 8163 | I113: 59 | J113: 1024 | K113: =IFERROR(G113/H113,"") | L113: =IFERROR(J113/H113,"") | M113: 59 | N113: 18.8 | O113: 131 | P113: 5 | Q113: 2024-07-01 | R113: 2024-08-04 | S113: 코미디 | T113: 일본 | U113: (주)영화사 진진,(주)튜브엔터테인먼트
A114: 2019 방탄소년단 월드 투어 '러브 유어셀프 : 스피크 유어셀프' 런던 리마스터링 | B114: 2025-09-23 | C114: 2025-09-23 | D114: 신작 | E114: 공연·실황 | F114: 종영 | G114: 5163 | H114: 285 | I114: 1 | J114: 150 | K114: =IFERROR(G114/H114,"") | L114: =IFERROR(J114/H114,"") | M114: 80 | N114: 26.9 | O114: 126 | P114: 5 | Q114: 2025-09-22 | R114: 2025-10-26 | S114: 공연 | T114: 한국 | U114: 메가박스중앙(주)
A115: 렛 미 인 | B115: 2025-01-15 | C115: 2010-11-18 | D115: 재개봉/구작 | E115: 실사 외화 | F115: 종영 | G115: 5160 | H115: 24909 | I115: 116 | J115: 682 | K115: =IFERROR(G115/H115,"") | L115: =IFERROR(J115/H115,"") | M115: 112 | N115: 28.5 | O115: 171 | P115: 6 | Q115: 2025-01-06 | R115: 2025-02-16 | S115: 드라마,판타지,공포(호러),미스터리 | T115: 영국 | U115: 롯데쇼핑㈜롯데엔터테인먼트
A116: 영웅본색 | B116: 2024-03-27 | C116: 1987-05-23 | D116: 재개봉/구작 | E116: 실사 외화 | F116: 종영 | G116: 5154 | H116: 8172 | I116: 61 | J116: 911 | K116: =IFERROR(G116/H116,"") | L116: =IFERROR(J116/H116,"") | M116: 61 | N116: 23.6 | O116: 135 | P116: 5 | Q116: 2024-03-25 | R116: 2024-04-28 | S116: 액션,범죄 | T116: 홍콩 | U116: (주)제이앤씨미디어그룹,와이드 릴리즈(주),(유)조이앤시네마
A117: 클래식 | B117: 2024-07-03 | C117: 2003-01-30 | D117: 재개봉/구작 | E117: 실사 한국 | F117: 종영 | G117: 5098 | H117: 7339 | I117: 53 | J117: 1065 | K117: =IFERROR(G117/H117,"") | L117: =IFERROR(J117/H117,"") | M117: 53 | N117: 11 | O117: 127 | P117: 7 | Q117: 2024-07-01 | R117: 2024-08-18 | S117: 드라마 | T117: 한국 | U117: (주)시네마서비스,(주)씨제이이엔엠
A118: 극장판 울려라! 유포니엄: 앙상블 콘테스트 | B118: 2024-04-17 | C118: 2024-04-17 | D118: 신작 | E118: 애니메이션 | F118: 종영 | G118: 4843 | H118: 17157 | I118: 99 | J118: 466 | K118: =IFERROR(G118/H118,"") | L118: =IFERROR(J118/H118,"") | M118: 98 | N118: 22.9 | O118: 142 | P118: 7 | Q118: 2024-04-15 | R118: 2024-06-02 | S118: 애니메이션 | T118: 일본 | U118: (주)스튜디오디에이치엘
A119: 아이언맨 3 | B119: 2024-10-09 | C119: 2013-04-25 | D119: 재개봉/구작 | E119: 실사 외화 | F119: 종영 | G119: 4494 | H119: 16028 | I119: 88 | J119: 1009 | K119: =IFERROR(G119/H119,"") | L119: =IFERROR(J119/H119,"") | M119: 88 | N119: 49 | O119: 166 | P119: 3 | Q119: 2024-10-07 | R119: 2024-10-27 | S119: 액션,어드벤처,SF | T119: 미국 | U119: 소니픽쳐스릴리징월트디즈니스튜디오스코리아(주)
A120: 8월의 크리스마스 | B120: 2024-04-17 | C120: 1998-01-24 | D120: 재개봉/구작 | E120: 실사 한국 | F120: 종영 | G120: 4426 | H120: 8260 | I120: 59 | J120: 433 | K120: =IFERROR(G120/H120,"") | L120: =IFERROR(J120/H120,"") | M120: 70 | N120: 21.4 | O120: 145 | P120: 5 | Q120: 2024-04-15 | R120: 2024-05-19 | S120: 멜로/로맨스,드라마 | T120: 한국 | U120: 한국영상투자개발(주),(주)싸이더스
A121: 킹덤4: 대장군의 귀환 | B121: 2024-11-20 | C121: 2024-11-20 | D121: 신작 | E121: 실사 외화 | F121: 종영 | G121: 4380 | H121: 12227 | I121: 88 | J121: 862 | K121: =IFERROR(G121/H121,"") | L121: =IFERROR(J121/H121,"") | M121: 88 | N121: 32.1 | O121: 126 | P121: 5 | Q121: 2024-11-11 | R121: 2024-12-15 | S121: 액션,전쟁 | T121: 일본 | U121: 와이드 릴리즈(주),(주)엠디에스스피어
A122: 여덟 번째 감각 | B122: 2023-03-29 | C122: 2023-03-29 | D122: 신작 | E122: 실사 한국 | F122: 종영 | G122: 4156 | H122: 15830 | I122: 80 | J122: 1126 | K122: =IFERROR(G122/H122,"") | L122: =IFERROR(J122/H122,"") | M122: 79 | N122: 23 | O122: 160 | P122: 6 | Q122: 2023-03-20 | R122: 2023-04-30 | S122: 멜로/로맨스,드라마 | T122: 한국 | U122: (주)엠디에스스피어,(주)영화특별시에스엠씨
... A136: 퓨리 | B136: 2024-12-11 | C136: 2014-11-20 | D136: 재개봉/구작 | E136: 실사 외화 | F136: 종영 | G136: 2538 | H136: 7118 | I136: 53 | J136: 477 | K136: =IFERROR(G136/H136,"") | L136: =IFERROR(J136/H136,"") | M136: 53 | N136: 42.4 | O136: 121 | P136: 3 | Q136: 2024-12-09 | R136: 2024-12-29 | S136: 액션,드라마,전쟁 | T136: 미국 | U136: 소니픽쳐스릴리징월트디즈니스튜디오스코리아(주)
A137: 아이들 | B137: 2025-12-17 | D137: 재개봉/구작 | E137: 실사 한국 | F137: 종영 | G137: 2195 | H137: 8572 | I137: 69 | J137: 306 | K137: =IFERROR(G137/H137,"") | L137: =IFERROR(J137/H137,"") | M137: 69 | N137: 30.4 | O137: 112 | P137: 5 | Q137: 2025-12-15 | R137: 2026-01-18 | S137: 드라마 | T137: 한국 | U137: ㈜인디스토리
A138: 10일간의 애인 | B138: 2023-01-12 | C138: 2023-01-12 | D138: 신작 | E138: 실사 한국 | F138: 종영 | G138: 2118 | H138: 6364 | I138: 50 | J138: 826 | K138: =IFERROR(G138/H138,"") | L138: =IFERROR(J138/H138,"") | M138: 50 | N138: 8.2 | O138: 138 | P138: 3 | Q138: 2023-01-09 | R138: 2023-01-29 | S138: 멜로/로맨스 | T138: 한국 | U138: (주)그노스
A139: 안경 | B139: 2025-06-11 | C139: 2007-11-29 | D139: 재개봉/구작 | E139: 실사 외화 | F139: 종영 | G139: 2098 | H139: 8418 | I139: 50 | J139: 296 | K139: =IFERROR(G139/H139,"") | L139: =IFERROR(J139/H139,"") | M139: 50 | N139: 18.6 | O139: 134 | P139: 6 | Q139: 2025-06-09 | R139: 2025-07-20 | S139: 드라마,코미디 | T139: 일본 | U139: (주)디스테이션,스폰지
A140: 파라노이드 키드 | B140: 2025-06-11 | D140: 재개봉/구작 | E140: 애니메이션 | F140: 종영 | G140: 2098 | H140: 8418 | I140: 50 | J140: 296 | K140: =IFERROR(G140/H140,"") | L140: =IFERROR(J140/H140,"") | M140: 50 | N140: 18.6 | O140: 134 | P140: 6 | Q140: 2025-06-09 | R140: 2025-07-20 | S140: 애니메이션 | T140: 한국
A141: 울브스 오브 워 | B141: 2023-01-26 | C141: 2023-01-26 | D141: 신작 | E141: 실사 외화 | F141: 종영 | G141: 2025 | H141: 6401 | I141: 50 | J141: 757 | K141: =IFERROR(G141/H141,"") | L141: =IFERROR(J141/H141,"") | M141: 50 | N141: 8.2 | O141: 138 | P141: 3 | Q141: 2023-01-23 | R141: 2023-02-12 | S141: 액션,스릴러,전쟁 | T141: 영국 | U141: (주)누리픽쳐스
A142: 열화청춘 리마스터링 | B142: 2025-03-31 | C142: 2025-03-31 | D142: 신작 | E142: 실사 외화 | F142: 종영 | G142: 1932 | H142: 6528 | I142: 52 | J142: 369 | K142: =IFERROR(G142/H142,"") | L142: =IFERROR(J142/H142,"") | M142: 52 | N142: 21.7 | O142: 120 | P142: 4 | Q142: 2025-03-31 | R142: 2025-04-27 | S142: 드라마,멜로/로맨스 | T142: 홍콩 | U142: (주)디스테이션
A143: 지옥: 두개의 삶 | B143: 2025-09-17 | D143: 재개봉/구작 | E143: 애니메이션 | F143: 종영 | G143: 1860 | H143: 8610 | I143: 64 | J143: 341 | K143: =IFERROR(G143/H143,"") | L143: =IFERROR(J143/H143,"") | M143: 64 | N143: 26.5 | O143: 118 | P143: 5 | Q143: 2025-09-15 | R143: 2025-10-19 | S143: 애니메이션,판타지,공포(호러) | T143: 한국 | U143: ㈜인디스토리
A144: 나만의 비밀 | B144: 2026-01-21 | C144: 2026-01-21 | D144: 신작 | E144: 실사 외화 | F144: 종영 | G144: 1821 | H144: 13065 | I144: 80 | J144: 311 | K144: =IFERROR(G144/H144,"") | L144: =IFERROR(J144/H144,"") | M144: 78 | N144: 28.8 | O144: 130 | P144: 5 | Q144: 2026-01-19 | R144: 2026-02-22 | S144: 드라마 | T144: 일본 | U144: (주)누리픽쳐스
A145: 신 울트라맨 | B145: 2023-12-06 | C145: 2023-12-06 | D145: 신작 | E145: 실사 외화 | F145: 종영 | G145: 1721 | H145: 7283 | I145: 53 | J145: 269 | K145: =IFERROR(G145/H145,"") | L145: =IFERROR(J145/H145,"") | M145: 53 | N145: 24.9 | O145: 122 | P145: 3 | Q145: 2023-12-04 | R145: 2023-12-24 | S145: SF,액션 | T145: 일본 | U145: 와이드 릴리즈(주)
A146: 극장판 기븐 – 바다로 | B146: 2026-08-26 | C146: 2026-08-26 | D146: 신작 | E146: 애니메이션 | F146: 상영중(잠정) | G146: 1645 | H146: 15251 | I146: 110 | J146: 1645 | K146: =IFERROR(G146/H146,"") | L146: =IFERROR(J146/H146,"") | M146: 110 | N146: 110 | O146: 139 | P146: 1 | Q146: 2026-08-24 | R146: 2026-08-30 | S146: 애니메이션 | T146: 일본 | U146: (주)미디어캐슬
A147: 톰보이 | B147: 2024-11-06 | C147: 2020-05-14 | D147: 재개봉/구작 | E147: 실사 외화 | F147: 종영 | G147: 1629 | H147: 10037 | I147: 62 | J147: 187 | K147: =IFERROR(G147/H147,"") | L147: =IFERROR(J147/H147,"") | M147: 60 | N147: 18.5 | O147: 145 | P147: 4 | Q147: 2024-11-04 | R147: 2024-12-01 | S147: 드라마 | T147: 프랑스 | U147: (주)블루라벨픽쳐스,TCO(주)더콘텐츠온,(주)영화특별시에스엠씨
A148: 극장판 나와 로보코 | B148: 2025-11-26 | C148: 2025-11-26 | D148: 신작 | E148: 애니메이션 | F148: 종영 | G148: 933 | H148: 10564 | I148: 74 | J148: 181 | K148: =IFERROR(G148/H148,"") | L148: =IFERROR(J148/H148,"") | M148: 74 | N148: 26 | O148: 122 | P148: 3 | Q148: 2025-11-24 | R148: 2025-12-14 | S148: 애니메이션 | T148: 일본 | U148: 에스엠지홀딩스 주식회사
A149: 나나미 : 마지막 한방울까지 짜내는 무삭제 | B149: 2023-06-13 | D149: 재개봉/구작 | E149: 실사 외화 | F149: 종영 | G149: 220 | H149: 9224 | I149: 55 | J149: 220 | K149: =IFERROR(G149/H149,"") | L149: =IFERROR(J149/H149,"") | M149: 55 | N149: 55 | O149: 168 | P149: 1 | Q149: 2023-06-12 | R149: 2023-06-18 | S149: 성인물(에로) | T149: 일본 | U149: (주)영화사 사계절

Sheet 신작
A1: ※ 판정: KOBIS 「체인영화관별 상영현황」 실측 — 오리지널 런 구간에서 CGV·롯데 편성 0 & 메가박스 편성 有 (씨네Q 허용, 메가 최대주간 50관 이상). 노란 행 = 상영중이라 최종 아님. / 개봉일 = KOBIS 개봉일
A2: 영화명 | B2: 개봉일 | C2: 원개봉일 | D2: 구분 | E2: 세그먼트 | F2: 상영상태 | G2: 누적관객 | H2: 개봉일좌석수 | I2: 개봉일스크린수 | J2: 개봉일관객수 | K2: 배수(누적÷개봉일좌석) | L2: 개봉일 좌석판매율 | M2: 메가최대일간스크린 | N2: 평균스크린 | O2: 스크린당좌석 | P2: 상영주수 | Q2: 단독런시작 | R2: 단독런종료 | S2: 장르 | T2: 대표국적 | U2: 배급사
A3: 프랑켄슈타인 : 더 뮤지컬 라이브 | B3: 2025-09-18 | C3: 2025-09-18 | D3: 신작 | E3: 공연·실황 | F3: 종영 | G3: 93574 | H3: 20923 | I3: 19 | J3: 4789 | K3: =IFERROR(G3/H3,"") | L3: =IFERROR(J3/H3,"") | M3: 141 | N3: 47.1 | O3: 219 | P3: 14 | Q3: 2025-09-08 | R3: 2025-12-14 | S3: 공연 | T3: 한국 | U3: (주)위즈온센,메가박스중앙(주)
A4: 엘리자벳: 더 뮤지컬 라이브 | B4: 2024-10-16 | C4: 2024-10-16 | D4: 신작 | E4: 공연·실황 | F4: 종영 | G4: 47522 | H4: 19245 | I4: 18 | J4: 2659 | K4: =IFERROR(G4/H4,"") | L4: =IFERROR(J4/H4,"") | M4: 118 | N4: 57.3 | O4: 219 | P4: 8 | Q4: 2024-10-14 | R4: 2024-12-08 | S4: 공연,뮤지컬 | T4: 한국 | U4: (주)위즈온센,메가박스중앙(주)
A5: 마이 샤이니 월드 | B5: 2023-11-03 | C5: 2023-11-03 | D5: 신작 | E5: 공연·실황 | F5: 종영 | G5: 26480 | H5: 15156 | I5: 17 | J5: 3129 | K5: =IFERROR(G5/H5,"") | L5: =IFERROR(J5/H5,"") | M5: 93 | N5: 27 | O5: 243 | P5: 12 | Q5: 2023-10-23 | R5: 2024-01-14 | S5: 공연,다큐멘터리 | T5: 한국 | U5: 메가박스중앙(주)
A6: 어쩌면 해피엔딩 | B6: 2025-10-02 | C6: 2025-10-02 | D6: 신작 | E6: 공연·실황 | F6: 종영 | G6: 25292 | H6: 35575 | I6: 147 | J6: 1527 | K6: =IFERROR(G6/H6,"") | L6: =IFERROR(J6/H6,"") | M6: 109 | N6: 34.8 | O6: 140 | P6: 10 | Q6: 2025-09-29 | R6: 2025-12-07 | S6: 뮤지컬,멜로/로맨스 | T6: 한국 | U6: (주)키노필름,(주)아센디오,(주)영화특별시에스엠씨,(주)로드쇼플러스
A7: 뮤지컬 장수탕 선녀님 | B7: 2026-03-26 | C7: 2026-03-26 | D7: 신작 | E7: 공연·실황 | F7: 종영 | G7: 18207 | H7: 14201 | I7: 89 | J7: 737 | K7: =IFERROR(G7/H7,"") | L7: =IFERROR(J7/H7,"") | M7: 89 | N7: 30.5 | O7: 128 | P7: 10 | Q7: 2026-03-16 | R7: 2026-05-24 | S7: 뮤지컬,공연 | T7: 한국 | U7: 메가박스중앙(주),(주)영화사 그램
A8: 영웅: 라이브 인 시네마 | B8: 2024-08-21 | C8: 2024-08-21 | D8: 신작 | E8: 공연·실황 | F8: 종영 | G8: 15141 | H8: 6291 | I8: 21 | J8: 803 | K8: =IFERROR(G8/H8,"") | L8: =IFERROR(J8/H8,"") | M8: 98 | N8: 24.5 | O8: 154 | P8: 18 | Q8: 2024-08-12 | R8: 2024-12-15 | S8: 공연,뮤지컬 | T8: 한국 | U8: (주)위즈온센,메가박스중앙(주)
A9: 오피셜히게단디즘 라이브 앳 스타디움 2025 | B9: 2026-04-02 | C9: 2026-04-02 | D9: 신작 | E9: 공연·실황 | F9: 종영 | G9: 13842 | H9: 14556 | I9: 58 | J9: 3178 | K9: =IFERROR(G9/H9,"") | L9: =IFERROR(J9/H9,"") | M9: 58 | N9: 19.2 | O9: 195 | P9: 8 | Q9: 2026-03-30 | R9: 2026-05-24 | S9: 공연 | T9: 일본 | U9: (주)영화사 그램
A10: 2017 방탄소년단 라이브 트릴로지 에피소드 3 윙스 투어 더 파이널 리마스터링 | B10: 2025-09-23 | C10: 2025-09-23 | D10: 신작 | E10: 공연·실황 | F10: 종영 | G10: 5209 | H10: 285 | I10: 1 | J10: 150 | K10: =IFERROR(G10/H10,"") | L10: =IFERROR(J10/H10,"") | M10: 57 | N10: 29 | O10: 152 | P10: 5 | Q10: 2025-09-22 | R10: 2025-10-26 | S10: 공연 | T10: 한국 | U10: 메가박스중앙(주)
A11: 2019 방탄소년단 월드 투어 '러브 유어셀프 : 스피크 유어셀프' 런던 리마스터링 | B11: 2025-09-23 | C11: 2025-09-23 | D11: 신작 | E11: 공연·실황 | F11: 종영 | G11: 5163 | H11: 285 | I11: 1 | J11: 150 | K11: =IFERROR(G11/H11,"") | L11: =IFERROR(J11/H11,"") | M11: 80 | N11: 26.9 | O11: 126 | P11: 5 | Q11: 2025-09-22 | R11: 2025-10-26 | S11: 공연 | T11: 한국 | U11: 메가박스중앙(주)
A12: 2021 방탄소년단 머스터 소우주 리마스터링 | B12: 2025-09-23 | C12: 2025-09-23 | D12: 신작 | E12: 공연·실황 | F12: 종영 | G12: 3404 | H12: 285 | I12: 1 | J12: 150 | K12: =IFERROR(G12/H12,"") | L12: =IFERROR(J12/H12,"") | M12: 74 | N12: 24.1 | O12: 126 | P12: 5 | Q12: 2025-09-22 | R12: 2025-10-26 | S12: 공연 | T12: 한국 | U12: 메가박스중앙(주)
A13: 머티리얼리스트 | B13: 2025-08-08 | C13: 2025-08-08 | D13: 신작 | E13: 실사 외화 | F13: 종영 | G13: 63767 | H13: 62670 | I13: 166 | J13: 7585 | K13: =IFERROR(G13/H13,"") | L13: =IFERROR(J13/H13,"") | M13: 157 | N13: 63.6 | O13: 213 | P13: 9 | Q13: 2025-07-28 | R13: 2025-09-28 | S13: 멜로/로맨스,코미디 | T13: 미국 | U13: 소니픽쳐스엔터테인먼트코리아주식회사극장배급지점
A14: 라스트 마일 | B14: 2025-03-26 | C14: 2025-03-26 | D14: 신작 | E14: 실사 외화 | F14: 종영 | G14: 53013 | H14: 42700 | I14: 148 | J14: 4031 | K14: =IFERROR(G14/H14,"") | L14: =IFERROR(J14/H14,"") | M14: 147 | N14: 49.9 | O14: 202 | P14: 11 | Q14: 2025-03-17 | R14: 2025-06-01 | S14: 스릴러,드라마 | T14: 일본 | U14: (주)엠디에스스피어
... A101: 극장판 나와 로보코 | B101: 2025-11-26 | C101: 2025-11-26 | D101: 신작 | E101: 애니메이션 | F101: 종영 | G101: 933 | H101: 10564 | I101: 74 | J101: 181 | K101: =IFERROR(G101/H101,"") | L101: =IFERROR(J101/H101,"") | M101: 74 | N101: 26 | O101: 122 | P101: 3 | Q101: 2025-11-24 | R101: 2025-12-14 | S101: 애니메이션 | T101: 일본 | U101: 에스엠지홀딩스 주식회사

Sheet 재개봉·구작
A1: ※ 개봉일 = 재개봉일 실측(런 내 스크린이 피크 30% 도달 첫날). 원개봉일은 별도 컬럼.
A2: 영화명 | B2: 개봉일 | C2: 원개봉일 | D2: 구분 | E2: 세그먼트 | F2: 상영상태 | G2: 누적관객 | H2: 개봉일좌석수 | I2: 개봉일스크린수 | J2: 개봉일관객수 | K2: 배수(누적÷개봉일좌석) | L2: 개봉일 좌석판매율 | M2: 메가최대일간스크린 | N2: 평균스크린 | O2: 스크린당좌석 | P2: 상영주수 | Q2: 단독런시작 | R2: 단독런종료 | S2: 장르 | T2: 대표국적 | U2: 배급사
A3: 러브레터 | B3: 2025-01-01 | C3: 1999-11-20 | D3: 재개봉/구작 | E3: 실사 외화 | F3: 종영 | G3: 116561 | H3: 35619 | I3: 181 | J3: 14957 | K3: =IFERROR(G3/H3,"") | L3: =IFERROR(J3/H3,"") | M3: 169 | N3: 70.4 | O3: 188 | P3: 13 | Q3: 2024-12-23 | R3: 2025-03-23 | S3: 멜로/로맨스,드라마 | T3: 일본 | U3: 워터홀컴퍼니(주),주식회사 왓챠,와이드 릴리즈(주),(주)제이앤씨미디어그룹,(유)조이앤시네마,(주)팝엔터테인먼트
A4: 쇼생크 탈출 | B4: 2024-05-08 | C4: 1995-02-04 | D4: 재개봉/구작 | E4: 실사 외화 | F4: 종영 | G4: 46108 | H4: 36526 | I4: 123 | J4: 5972 | K4: =IFERROR(G4/H4,"") | L4: =IFERROR(J4/H4,"") | M4: 107 | N4: 36.3 | O4: 206 | P4: 11 | Q4: 2024-04-29 | R4: 2024-07-14 | S4: 드라마 | T4: 미국 | U4: 롯데컬처웍스(주)롯데시네마,(주)팝엔터테인먼트,THE 픽쳐스
A5: 라이언 일병 구하기 | B5: 2025-06-25 | C5: 1998-09-12 | D5: 재개봉/구작 | E5: 실사 외화 | F5: 종영 | G5: 31942 | H5: 38304 | I5: 163 | J5: 3958 | K5: =IFERROR(G5/H5,"") | L5: =IFERROR(J5/H5,"") | M5: 160 | N5: 42.7 | O5: 164 | P5: 10 | Q5: 2025-06-16 | R5: 2025-08-24 | S5: 드라마,액션,전쟁 | T5: 미국 | U5: 와이드 릴리즈(주)
A6: 퍼펙트 블루 | B6: 2025-09-11 | C6: 2004-05-26 | D6: 재개봉/구작 | E6: 애니메이션 | F6: 종영 | G6: 28948 | H6: 29900 | I6: 138 | J6: 4319 | K6: =IFERROR(G6/H6,"") | L6: =IFERROR(J6/H6,"") | M6: 135 | N6: 45.3 | O6: 171 | P6: 7 | Q6: 2025-09-08 | R6: 2025-10-26 | S6: 애니메이션,미스터리 | T6: 일본 | U6: (주)디스테이션,(주)튜브엔터테인먼트
A7: 미드나잇 인 파리 | B7: 2025-02-12 | C7: 2012-07-05 | D7: 재개봉/구작 | E7: 실사 외화 | F7: 종영 | G7: 23454 | H7: 34355 | I7: 136 | J7: 2779 | K7: =IFERROR(G7/H7,"") | L7: =IFERROR(J7/H7,"") | M7: 141 | N7: 58.7 | O7: 174 | P7: 8 | Q7: 2025-02-03 | R7: 2025-03-30 | S7: 코미디,멜로/로맨스,판타지 | T7: 미국 | U7: (주)디스테이션,(주)드림팩트엔터테인먼트,(주)나이너스엔터테인먼트
A8: 컨택트 | B8: 2024-11-13 | C8: 2017-02-02 | D8: 재개봉/구작 | E8: 실사 외화 | F8: 종영 | G8: 21575 | H8: 21161 | I8: 78 | J8: 4221 | K8: =IFERROR(G8/H8,"") | L8: =IFERROR(J8/H8,"") | M8: 90 | N8: 40.1 | O8: 181 | P8: 5 | Q8: 2024-11-11 | R8: 2024-12-15 | S8: SF,드라마,스릴러 | T8: 미국 | U8: 유니버설픽쳐스인터내셔널 코리아(유)
A9: 패왕별희 디 오리지널 | B9: 2024-03-27 | C9: 2017-03-30 | D9: 재개봉/구작 | E9: 실사 외화 | F9: 종영 | G9: 20234 | H9: 18985 | I9: 103 | J9: 5922 | K9: =IFERROR(G9/H9,"") | L9: =IFERROR(J9/H9,"") | M9: 99 | N9: 34.8 | O9: 147 | P9: 6 | Q9: 2024-03-25 | R9: 2024-05-05 | S9: 드라마,멜로/로맨스 | T9: 중국 | U9: 와이드 릴리즈(주),(주)제이앤씨미디어그룹,(주)드림팩트엔터테인먼트
A10: 마당을 나온 암탉 | B10: 2025-01-22 | C10: 2011-07-28 | D10: 재개봉/구작 | E10: 애니메이션 | F10: 종영 | G10: 18008 | H10: 23255 | I10: 131 | J10: 954 | K10: =IFERROR(G10/H10,"") | L10: =IFERROR(J10/H10,"") | M10: 117 | N10: 41.1 | O10: 132 | P10: 10 | Q10: 2025-01-06 | R10: 2025-03-16 | S10: 애니메이션 | T10: 한국 | U10: 메가박스중앙(주),롯데쇼핑㈜롯데엔터테인먼트
A11: 코코 | B11: 2024-05-30 | C11: 2018-01-11 | D11: 재개봉/구작 | E11: 애니메이션 | F11: 종영 | G11: 16917 | H11: 36952 | I11: 104 | J11: 3998 | K11: =IFERROR(G11/H11,"") | L11: =IFERROR(J11/H11,"") | M11: 104 | N11: 88 | O11: 250 | P11: 3 | Q11: 2024-05-27 | R11: 2024-06-16 | S11: 애니메이션 | T11: 미국 | U11: 월트디즈니컴퍼니코리아 유한책임회사
A12: 첫여름 | B12: 2025-08-06 | D12: 재개봉/구작 | E12: 실사 한국 | F12: 종영 | G12: 16906 | H12: 13702 | I12: 85 | J12: 1595 | K12: =IFERROR(G12/H12,"") | L12: =IFERROR(J12/H12,"") | M12: 85 | N12: 32.3 | O12: 132 | P12: 10 | Q12: 2025-07-28 | R12: 2025-10-05 | S12: 드라마 | T12: 한국 | U12: 한국영화아카데미
A13: 가타카 | B13: 2025-11-20 | C13: 1998-05-02 | D13: 재개봉/구작 | E13: 실사 외화 | F13: 종영 | G13: 16560 | H13: 15383 | I13: 71 | J13: 1388 | K13: =IFERROR(G13/H13,"") | L13: =IFERROR(J13/H13,"") | M13: 72 | N13: 26.7 | O13: 148 | P13: 7 | Q13: 2025-11-17 | R13: 2026-01-04 | S13: SF,드라마,미스터리,스릴러 | T13: 미국
A14: 중경삼림 | B14: 2024-02-14 | C14: 1995-09-02 | D14: 재개봉/구작 | E14: 실사 외화 | F14: 종영 | G14: 16102 | H14: 6776 | I14: 53 | J14: 1390 | K14: =IFERROR(G14/H14,"") | L14: =IFERROR(J14/H14,"") | M14: 53 | N14: 11.3 | O14: 111 | P14: 14 | Q14: 2024-02-12 | R14: 2024-05-19 | S14: 드라마 | T14: 홍콩 | U14: (주)디스테이션
A15: 해피 투게더 | B15: 2023-03-30 | C15: 1998-08-22 | D15: 재개봉/구작 | E15: 실사 외화 | F15: 종영 | G15: 15835 | H15: 36350 | I15: 140 | J15: 7147 | K15: =IFERROR(G15/H15,"") | L15: =IFERROR(J15/H15,"") | M15: 129 | N15: 42.1 | O15: 186 | P15: 5 | Q15: 2023-03-27 | R15: 2023-04-30 | S15: 드라마,멜로/로맨스 | T15: 홍콩 | U15: (주)디스테이션
A16: 철도원 | B16: 2026-01-07 | C16: 2000-02-04 | D16: 재개봉/구작 | E16: 실사 외화 | F16: 종영 | G16: 14997 | H16: 24542 | I16: 127 | J16: 1289 | K16: =IFERROR(G16/H16,"") | L16: =IFERROR(J16/H16,"") | M16: 123 | N16: 53.5 | O16: 147 | P16: 5 | Q16: 2026-01-05 | R16: 2026-02-08 | S16: 가족,드라마 | T16: 일본 | U16: 와이드 릴리즈(주)
A17: 슈퍼소닉 | B17: 2025-08-29 | C17: 2016-11-24 | D17: 재개봉/구작 | E17: 실사 외화 | F17: 종영 | G17: 14607 | H17: 25786 | I17: 124 | J17: 3774 | K17: =IFERROR(G17/H17,"") | L17: =IFERROR(J17/H17,"") | M17: 93 | N17: 39.8 | O17: 158 | P17: 6 | Q17: 2025-08-18 | R17: 2025-09-28 | S17: 다큐멘터리 | T17: 영국 | U17: (주)레드아이스 엔터테인먼트,주식회사 씨네룩스
A18: 크리스마스에 기적을 만날 확률 | B18: 2024-12-11 | C18: 2007-12-12 | D18: 재개봉/구작 | E18: 애니메이션 | F18: 종영 | G18: 13312 | H18: 21229 | I18: 117 | J18: 1827 | K18: =IFERROR(G18/H18,"") | L18: =IFERROR(J18/H18,"") | M18: 110 | N18: 35.6 | O18: 139 | P18: 7 | Q18: 2024-12-09 | R18: 2025-01-26 | S18: 애니메이션,드라마,액션 | T18: 일본 | U18: (주)팝엔터테인먼트,롯데쇼핑㈜롯데엔터테인먼트
A19: 택시 드라이버 | B19: 2025-04-09 | C19: 1989-02-17 | D19: 재개봉/구작 | E19: 실사 외화 | F19: 종영 | G19: 10856 | H19: 20556 | I19: 82 | J19: 2006 | K19: =IFERROR(G19/H19,"") | L19: =IFERROR(J19/H19,"") | M19: 83 | N19: 61.7 | O19: 164 | P19: 4 | Q19: 2025-04-07 | R19: 2025-05-04 | S19: 드라마,스릴러 | T19: 미국
A20: 레옹 | B20: 2024-04-22 | C20: 1995-02-18 | D20: 재개봉/구작 | E20: 실사 외화 | F20: 종영 | G20: 10030 | H20: 18828 | I20: 94 | J20: 1129 | K20: =IFERROR(G20/H20,"") | L20: =IFERROR(J20/H20,"") | M20: 88 | N20: 20.9 | O20: 140 | P20: 5 | Q20: 2024-04-22 | R20: 2024-05-26 | S20: 액션,범죄 | T20: 프랑스 | U20: 와이드 릴리즈(주),(주)제이앤씨미디어그룹,(주)팝파트너스
A21: 그랜드 부다페스트 호텔 | B21: 2026-04-08 | C21: 2014-03-20 | D21: 재개봉/구작 | E21: 실사 외화 | F21: 종영 | G21: 9624 | H21: 20307 | I21: 81 | J21: 3077 | K21: =IFERROR(G21/H21,"") | L21: =IFERROR(J21/H21,"") | M21: 81 | N21: 23.8 | O21: 190 | P21: 5 | Q21: 2026-04-06 | R21: 2026-05-10 | S21: 미스터리,어드벤처 | T21: 미국 | U21: (주)피터팬픽쳐스,이십세기폭스코리아(주),월트디즈니컴퍼니코리아 유한책임회사
A22: 라이프 오브 파이 | B22: 2026-03-25 | C22: 2013-01-01 | D22: 재개봉/구작 | E22: 실사 외화 | F22: 종영 | G22: 9540 | H22: 16920 | I22: 58 | J22: 3065 | K22: =IFERROR(G22/H22,"") | L22: =IFERROR(J22/H22,"") | M22: 58 | N22: 26 | O22: 214 | P22: 4 | Q22: 2026-03-23 | R22: 2026-04-19 | S22: 어드벤처,드라마 | T22: 미국 | U22: 월트디즈니컴퍼니코리아 유한책임회사,주식회사 해리슨앤컴퍼니,이십세기폭스코리아(주)
A23: 366일 | B23: 2025-06-11 | D23: 재개봉/구작 | E23: 실사 외화 | F23: 종영 | G23: 9120 | H23: 25550 | I23: 134 | J23: 1138 | K23: =IFERROR(G23/H23,"") | L23: =IFERROR(J23/H23,"") | M23: 133 | N23: 43.9 | O23: 151 | P23: 5 | Q23: 2025-06-09 | R23: 2025-07-13 | S23: 멜로/로맨스 | T23: 몽고
A24: 우마무스메 프리티 더비 로드 투 더 탑 | B24: 2024-06-27 | D24: 재개봉/구작 | E24: 애니메이션 | F24: 종영 | G24: 8135 | H24: 13305 | I24: 64 | J24: 2741 | K24: =IFERROR(G24/H24,"") | L24: =IFERROR(J24/H24,"") | M24: 64 | N24: 44.2 | O24: 161 | P24: 3 | Q24: 2024-06-24 | R24: 2024-07-14 | S24: 애니메이션 | T24: 일본 | U24: (주)애니플러스
A25: 스타 이즈 본 | B25: 2023-11-29 | C25: 2018-10-09 | D25: 재개봉/구작 | E25: 실사 외화 | F25: 종영 | G25: 6925 | H25: 19370 | I25: 52 | J25: 1766 | K25: =IFERROR(G25/H25,"") | L25: =IFERROR(J25/H25,"") | M25: 53 | N25: 27.9 | O25: 242 | P25: 3 | Q25: 2023-11-27 | R25: 2023-12-17 | S25: 드라마,멜로/로맨스 | T25: 미국 | U25: 워너브러더스 코리아(주)
A26: 화양연화 | B26: 2024-02-14 | C26: 2000-10-20 | D26: 재개봉/구작 | E26: 실사 외화 | F26: 종영 | G26: 6706 | H26: 6629 | I26: 50 | J26: 1232 | K26: =IFERROR(G26/H26,"") | L26: =IFERROR(J26/H26,"") | M26: 50 | N26: 38.1 | O26: 129 | P26: 3 | Q26: 2024-02-12 | R26: 2024-03-03 | S26: 드라마,멜로/로맨스 | T26: 홍콩 | U26: (주)디스테이션
A27: 카우보이 비밥-천국의문 | B27: 2025-04-25 | C27: 2003-10-03 | D27: 재개봉/구작 | E27: 애니메이션 | F27: 종영 | G27: 6705 | H27: 20774 | I27: 89 | J27: 1473 | K27: =IFERROR(G27/H27,"") | L27: =IFERROR(J27/H27,"") | M27: 89 | N27: 43.7 | O27: 144 | P27: 5 | Q27: 2025-04-21 | R27: 2025-05-25 | S27: 애니메이션,액션 | T27: 일본 | U27: 콜럼비아트라이스타㈜
A28: 단다단: 사안 | B28: 2025-06-05 | D28: 재개봉/구작 | E28: 애니메이션 | F28: 종영 | G28: 6504 | H28: 12363 | I28: 66 | J28: 1419 | K28: =IFERROR(G28/H28,"") | L28: =IFERROR(J28/H28,"") | M28: 65 | N28: 39.2 | O28: 137 | P28: 4 | Q28: 2025-06-02 | R28: 2025-06-29 | S28: 애니메이션 | T28: 일본 | U28: (주)애니플러스
A29: 헤드윅 | B29: 2023-12-06 | C29: 2002-08-09 | D29: 재개봉/구작 | E29: 공연·실황 | F29: 종영 | G29: 6280 | H29: 11909 | I29: 59 | J29: 2552 | K29: =IFERROR(G29/H29,"") | L29: =IFERROR(J29/H29,"") | M29: 59 | N29: 45.4 | O29: 157 | P29: 3 | Q29: 2023-12-04 | R29: 2023-12-24 | S29: 뮤지컬 | T29: 미국 | U29: 워너브러더스 코리아(주),(주)엣나인필름,(주)씨네월드
A30: 아이언맨 | B30: 2024-10-09 | C30: 2008-04-30 | D30: 재개봉/구작 | E30: 실사 외화 | F30: 종영 | G30: 5944 | H30: 18444 | I30: 88 | J30: 2924 | K30: =IFERROR(G30/H30,"") | L30: =IFERROR(J30/H30,"") | M30: 88 | N30: 50.4 | O30: 173 | P30: 3 | Q30: 2024-10-07 | R30: 2024-10-27 | S30: SF,드라마,액션 | T30: 미국 | U30: 씨제이엔터테인먼트
A31: 5등분의 신부 스페셜 | B31: 2023-10-12 | D31: 재개봉/구작 | E31: 애니메이션 | F31: 종영 | G31: 5854 | H31: 13124 | I31: 69 | J31: 833 | K31: =IFERROR(G31/H31,"") | L31: =IFERROR(J31/H31,"") | M31: 69 | N31: 36.7 | O31: 155 | P31: 4 | Q31: 2023-10-09 | R31: 2023-11-05 | S31: 애니메이션 | T31: 일본
A32: 지리멸렬 | B32: 2025-08-27 | D32: 재개봉/구작 | E32: 실사 한국 | F32: 종영 | G32: 5268 | H32: 11813 | I32: 88 | J32: 783 | K32: =IFERROR(G32/H32,"") | L32: =IFERROR(J32/H32,"") | M32: 87 | N32: 45.2 | O32: 123 | P32: 5 | Q32: 2025-08-25 | R32: 2025-09-28 | S32: 코미디 | T32: 한국 | U32: ㈜인디스토리
A33: 기쿠지로의 여름 | B33: 2024-07-03 | C33: 2002-08-30 | D33: 재개봉/구작 | E33: 실사 외화 | F33: 종영 | G33: 5186 | H33: 8163 | I33: 59 | J33: 1024 | K33: =IFERROR(G33/H33,"") | L33: =IFERROR(J33/H33,"") | M33: 59 | N33: 18.8 | O33: 131 | P33: 5 | Q33: 2024-07-01 | R33: 2024-08-04 | S33: 코미디 | T33: 일본 | U33: (주)영화사 진진,(주)튜브엔터테인먼트
A34: 렛 미 인 | B34: 2025-01-15 | C34: 2010-11-18 | D34: 재개봉/구작 | E34: 실사 외화 | F34: 종영 | G34: 5160 | H34: 24909 | I34: 116 | J34: 682 | K34: =IFERROR(G34/H34,"") | L34: =IFERROR(J34/H34,"") | M34: 112 | N34: 28.5 | O34: 171 | P34: 6 | Q34: 2025-01-06 | R34: 2025-02-16 | S34: 드라마,판타지,공포(호러),미스터리 | T34: 영국 | U34: 롯데쇼핑㈜롯데엔터테인먼트
A35: 영웅본색 | B35: 2024-03-27 | C35: 1987-05-23 | D35: 재개봉/구작 | E35: 실사 외화 | F35: 종영 | G35: 5154 | H35: 8172 | I35: 61 | J35: 911 | K35: =IFERROR(G35/H35,"") | L35: =IFERROR(J35/H35,"") | M35: 61 | N35: 23.6 | O35: 135 | P35: 5 | Q35: 2024-03-25 | R35: 2024-04-28 | S35: 액션,범죄 | T35: 홍콩 | U35: (주)제이앤씨미디어그룹,와이드 릴리즈(주),(유)조이앤시네마
A36: 클래식 | B36: 2024-07-03 | C36: 2003-01-30 | D36: 재개봉/구작 | E36: 실사 한국 | F36: 종영 | G36: 5098 | H36: 7339 | I36: 53 | J36: 1065 | K36: =IFERROR(G36/H36,"") | L36: =IFERROR(J36/H36,"") | M36: 53 | N36: 11 | O36: 127 | P36: 7 | Q36: 2024-07-01 | R36: 2024-08-18 | S36: 드라마 | T36: 한국 | U36: (주)시네마서비스,(주)씨제이이엔엠
A37: 아이언맨 3 | B37: 2024-10-09 | C37: 2013-04-25 | D37: 재개봉/구작 | E37: 실사 외화 | F37: 종영 | G37: 4494 | H37: 16028 | I37: 88 | J37: 1009 | K37: =IFERROR(G37/H37,"") | L37: =IFERROR(J37/H37,"") | M37: 88 | N37: 49 | O37: 166 | P37: 3 | Q37: 2024-10-07 | R37: 2024-10-27 | S37: 액션,어드벤처,SF | T37: 미국 | U37: 소니픽쳐스릴리징월트디즈니스튜디오스코리아(주)
A38: 8월의 크리스마스 | B38: 2024-04-17 | C38: 1998-01-24 | D38: 재개봉/구작 | E38: 실사 한국 | F38: 종영 | G38: 4426 | H38: 8260 | I38: 59 | J38: 433 | K38: =IFERROR(G38/H38,"") | L38: =IFERROR(J38/H38,"") | M38: 70 | N38: 21.4 | O38: 145 | P38: 5 | Q38: 2024-04-15 | R38: 2024-05-19 | S38: 멜로/로맨스,드라마 | T38: 한국 | U38: 한국영상투자개발(주),(주)싸이더스
A39: 라라랜드 | B39: 2023-04-18 | C39: 2016-12-07 | D39: 재개봉/구작 | E39: 공연·실황 | F39: 종영 | G39: 3751 | H39: 7811 | I39: 50 | J39: 875 | K39: =IFERROR(G39/H39,"") | L39: =IFERROR(J39/H39,"") | M39: 50 | N39: 19.2 | O39: 167 | P39: 4 | Q39: 2023-04-03 | R39: 2023-04-30 | S39: 드라마,뮤지컬,멜로/로맨스 | T39: 미국 | U39: 판씨네마(주)
A40: 시애틀의 잠 못이루는 밤 | B40: 2024-12-11 | C40: 1993-12-18 | D40: 재개봉/구작 | E40: 실사 외화 | F40: 종영 | G40: 3521 | H40: 7134 | I40: 58 | J40: 672 | K40: =IFERROR(G40/H40,"") | L40: =IFERROR(J40/H40,"") | M40: 57 | N40: 42.7 | O40: 111 | P40: 3 | Q40: 2024-12-09 | R40: 2024-12-29 | S40: 드라마,멜로/로맨스 | T40: 미국 | U40: (주)디스테이션
A41: 숀더쉽 더 무비: 꼬마 외계인 룰라! | B41: 2024-02-08 | C41: 2020-02-19 | D41: 재개봉/구작 | E41: 애니메이션 | F41: 종영 | G41: 3210 | H41: 5400 | I41: 43 | J41: 143 | K41: =IFERROR(G41/H41,"") | L41: =IFERROR(J41/H41,"") | M41: 50 | N41: 23 | O41: 115 | P41: 3 | Q41: 2024-02-05 | R41: 2024-02-25 | S41: 애니메이션,어드벤처,코미디 | T41: 영국 | U41: TCO(주)더콘텐츠온
A42: 아이언맨 2 | B42: 2024-10-09 | C42: 2010-04-29 | D42: 재개봉/구작 | E42: 실사 외화 | F42: 종영 | G42: 2935 | H42: 16210 | I42: 81 | J42: 893 | K42: =IFERROR(G42/H42,"") | L42: =IFERROR(J42/H42,"") | M42: 81 | N42: 40.1 | O42: 175 | P42: 3 | Q42: 2024-10-07 | R42: 2024-10-27 | S42: SF,액션,어드벤처 | T42: 미국 | U42: 씨제이엔터테인먼트
A43: 가을의 전설 | B43: 2024-11-27 | C43: 1995-03-18 | D43: 재개봉/구작 | E43: 실사 외화 | F43: 종영 | G43: 2609 | H43: 12181 | I43: 66 | J43: 548 | K43: =IFERROR(G43/H43,"") | L43: =IFERROR(J43/H43,"") | M43: 65 | N43: 45.9 | O43: 145 | P43: 3 | Q43: 2024-11-25 | R43: 2024-12-15 | S43: 멜로/로맨스 | T43: 미국 | U43: 워터홀컴퍼니(주)
A44: 퓨리 | B44: 2024-12-11 | C44: 2014-11-20 | D44: 재개봉/구작 | E44: 실사 외화 | F44: 종영 | G44: 2538 | H44: 7118 | I44: 53 | J44: 477 | K44: =IFERROR(G44/H44,"") | L44: =IFERROR(J44/H44,"") | M44: 53 | N44: 42.4 | O44: 121 | P44: 3 | Q44: 2024-12-09 | R44: 2024-12-29 | S44: 액션,드라마,전쟁 | T44: 미국 | U44: 소니픽쳐스릴리징월트디즈니스튜디오스코리아(주)
A45: 아이들 | B45: 2025-12-17 | D45: 재개봉/구작 | E45: 실사 한국 | F45: 종영 | G45: 2195 | H45: 8572 | I45: 69 | J45: 306 | K45: =IFERROR(G45/H45,"") | L45: =IFERROR(J45/H45,"") | M45: 69 | N45: 30.4 | O45: 112 | P45: 5 | Q45: 2025-12-15 | R45: 2026-01-18 | S45: 드라마 | T45: 한국 | U45: ㈜인디스토리
A46: 안경 | B46: 2025-06-11 | C46: 2007-11-29 | D46: 재개봉/구작 | E46: 실사 외화 | F46: 종영 | G46: 2098 | H46: 8418 | I46: 50 | J46: 296 | K46: =IFERROR(G46/H46,"") | L46: =IFERROR(J46/H46,"") | M46: 50 | N46: 18.6 | O46: 134 | P46: 6 | Q46: 2025-06-09 | R46: 2025-07-20 | S46: 드라마,코미디 | T46: 일본 | U46: (주)디스테이션,스폰지
A47: 파라노이드 키드 | B47: 2025-06-11 | D47: 재개봉/구작 | E47: 애니메이션 | F47: 종영 | G47: 2098 | H47: 8418 | I47: 50 | J47: 296 | K47: =IFERROR(G47/H47,"") | L47: =IFERROR(J47/H47,"") | M47: 50 | N47: 18.6 | O47: 134 | P47: 6 | Q47: 2025-06-09 | R47: 2025-07-20 | S47: 애니메이션 | T47: 한국
A48: 지옥: 두개의 삶 | B48: 2025-09-17 | D48: 재개봉/구작 | E48: 애니메이션 | F48: 종영 | G48: 1860 | H48: 8610 | I48: 64 | J48: 341 | K48: =IFERROR(G48/H48,"") | L48: =IFERROR(J48/H48,"") | M48: 64 | N48: 26.5 | O48: 118 | P48: 5 | Q48: 2025-09-15 | R48: 2025-10-19 | S48: 애니메이션,판타지,공포(호러) | T48: 한국 | U48: ㈜인디스토리
A49: 톰보이 | B49: 2024-11-06 | C49: 2020-05-14 | D49: 재개봉/구작 | E49: 실사 외화 | F49: 종영 | G49: 1629 | H49: 10037 | I49: 62 | J49: 187 | K49: =IFERROR(G49/H49,"") | L49: =IFERROR(J49/H49,"") | M49: 60 | N49: 18.5 | O49: 145 | P49: 4 | Q49: 2024-11-04 | R49: 2024-12-01 | S49: 드라마 | T49: 프랑스 | U49: (주)블루라벨픽쳐스,TCO(주)더콘텐츠온,(주)영화특별시에스엠씨
A50: 나나미 : 마지막 한방울까지 짜내는 무삭제 | B50: 2023-06-13 | D50: 재개봉/구작 | E50: 실사 외화 | F50: 종영 | G50: 220 | H50: 9224 | I50: 55 | J50: 220 | K50: =IFERROR(G50/H50,"") | L50: =IFERROR(J50/H50,"") | M50: 55 | N50: 55 | O50: 168 | P50: 1 | Q50: 2023-06-12 | R50: 2023-06-18 | S50: 성인물(에로) | T50: 일본 | U50: (주)영화사 사계절

Sheet 인더그레이 밴드
A1: ※ 인 더 그레이(2026-09-02, 실사 외화, 메가박스 단독)의 최근접 comp = 실사 외화 × 메가 최대주간 150관 이상.
A2: 영화명 | B2: 개봉일 | C2: 원개봉일 | D2: 구분 | E2: 세그먼트 | F2: 상영상태 | G2: 누적관객 | H2: 개봉일좌석수 | I2: 개봉일스크린수 | J2: 개봉일관객수 | K2: 배수(누적÷개봉일좌석) | L2: 개봉일 좌석판매율 | M2: 메가최대일간스크린 | N2: 평균스크린 | O2: 스크린당좌석 | P2: 상영주수 | Q2: 단독런시작 | R2: 단독런종료 | S2: 장르 | T2: 대표국적 | U2: 배급사
A3: 머티리얼리스트 | B3: 2025-08-08 | C3: 2025-08-08 | D3: 신작 | E3: 실사 외화 | F3: 종영 | G3: 63767 | H3: 62670 | I3: 166 | J3: 7585 | K3: =IFERROR(G3/H3,"") | L3: =IFERROR(J3/H3,"") | M3: 157 | N3: 63.6 | O3: 213 | P3: 9 | Q3: 2025-07-28 | R3: 2025-09-28 | S3: 멜로/로맨스,코미디 | T3: 미국 | U3: 소니픽쳐스엔터테인먼트코리아주식회사극장배급지점
A4: 첫 번째 키스 | B4: 2025-02-26 | C4: 2025-02-26 | D4: 신작 | E4: 실사 외화 | F4: 종영 | G4: 49143 | H4: 61274 | I4: 184 | J4: 6199 | K4: =IFERROR(G4/H4,"") | L4: =IFERROR(J4/H4,"") | M4: 178 | N4: 64.2 | O4: 208 | P4: 8 | Q4: 2025-02-24 | R4: 2025-04-20 | S4: 드라마,멜로/로맨스 | T4: 일본 | U4: 메가박스중앙(주)
A5: 워킹맨 | B5: 2025-10-01 | C5: 2025-10-01 | D5: 신작 | E5: 실사 외화 | F5: 종영 | G5: 21014 | H5: 52983 | I5: 173 | J5: 4459 | K5: =IFERROR(G5/H5,"") | L5: =IFERROR(J5/H5,"") | M5: 172 | N5: 46.5 | O5: 181 | P5: 7 | Q5: 2025-09-29 | R5: 2025-11-16 | S5: 액션,스릴러,범죄 | T5: 미국 | U5: 메가박스중앙(주),(주)스튜디오디에이치엘
A6: 크라임 101 | B6: 2026-04-08 | C6: 2026-04-08 | D6: 신작 | E6: 실사 외화 | F6: 종영 | G6: 20138 | H6: 53148 | I6: 208 | J6: 3513 | K6: =IFERROR(G6/H6,"") | L6: =IFERROR(J6/H6,"") | M6: 171 | N6: 75.2 | O6: 210 | P6: 6 | Q6: 2026-03-30 | R6: 2026-05-10 | S6: 범죄,드라마,스릴러 | T6: 미국 | U6: 소니픽쳐스엔터테인먼트코리아주식회사극장배급지점
A7: 더 로즈: 완벽한 이혼 | B7: 2025-09-17 | C7: 2025-09-17 | D7: 신작 | E7: 실사 외화 | F7: 종영 | G7: 18670 | H7: 54406 | I7: 167 | J7: 3185 | K7: =IFERROR(G7/H7,"") | L7: =IFERROR(J7/H7,"") | M7: 152 | N7: 77 | O7: 208 | P7: 6 | Q7: 2025-09-08 | R7: 2025-10-19 | S7: 코미디,드라마 | T7: 미국 | U7: 월트디즈니컴퍼니코리아 유한책임회사
A8: 워페어 | B8: 2026-08-19 | C8: 2026-08-19 | D8: 신작 | E8: 실사 외화 | F8: 상영중(잠정) | G8: 17119 | H8: 45012 | I8: 199 | J8: 3815 | K8: =IFERROR(G8/H8,"") | L8: =IFERROR(J8/H8,"") | M8: 188 | N8: 115.9 | O8: 176 | P8: 4 | Q8: 2026-08-03 | R8: 2026-08-30 | S8: 액션,드라마,전쟁 | T8: 미국 | U8: 주식회사 올랄라스토리
